{
  "sunny": {
    "Precipitation": {
      "numDrops": 0
    },
    "CloudLayer": {
      "coverage": 0
    },
    "LevelInfo": {
      "fogDensity": 0.003
    },
    "ScatterSky": {
      "shadowSoftness": 0.2,
      "colorize": [0.439216, 0.580392, 0.72549, 1],
      "sunScale": [0.996078, 0.901961, 0.831373, 1],
      "ambientScale": [0.545098, 0.545098, 0.54902, 1],
      "fogScale": [0.580392, 0.792157, 0.996078, 1]
    },
    "ForestWindEmitter": {
      "strength": 0.5
    }
  },
  "rainy": {
    "Precipitation": {
      "numDrops": 200
    },
    "CloudLayer": {
      "coverage": 1
    },
    "LevelInfo": {
      "fogDensity": 0.005
    },
    "ScatterSky": {
      "shadowSoftness": 1,
      "colorize": [0.427451, 0.427451, 0.427451, 1],
      "sunScale": [0.686275, 0.686275, 0.686275, 1],
      "ambientScale": [0.545098, 0.545098, 0.54902, 1],
      "fogScale": [0.756863, 0.760784, 0.760784, 1]
    },
    "ForestWindEmitter": {
      "strength": 1.5
    }
  },
  "cloudy": {
    "CloudLayer": {
      "coverage": 1
    },
    "LevelInfo": {
      "fogDensity": 0.005
    },
    "ScatterSky": {
      "shadowSoftness": 1,
      "colorize": [0.427451, 0.427451, 0.427451, 1],
      "sunScale": [0.686275, 0.686275, 0.686275, 1],
      "ambientScale": [0.545098, 0.545098, 0.54902, 1],
      "fogScale": [0.756863, 0.760784, 0.760784, 1]
    },
    "ForestWindEmitter": {
      "strength": 1.5
    }
  }
}